{"cameraMode":{"drawMode":0,"name":"Shaded","section":"Shading Mode"},"sceneLighting":true,"audioPlay":false,"sceneViewState":{"showFog":true,"showMaterialUpdate":false,"showSkybox":true,"showFlares":true,"showImageEffects":true,"showParticleSystems":true},"in2DMode":false,"pivot":{"x":0.655214786529541,"y":1.303511619567871,"z":-1.2720837593078614},"rotation":{"x":-0.05000705644488335,"y":0.9369978904724121,"z":-0.15054859220981599,"w":-0.31123846769332888},"size":10.0,"orthographic":false}